WEAPON_CODE,WEAPON_LABEL
0,Asphyxiation - includes death by gas
1,"Blunt object - hammer, club, etc"
2,Drowning
3,Explosives
4,Fire
5,"Firearm, type not stated"
6,"Handgun - pistol, revolver, etc"
7,Knife or cutting instrument
8,"Narcotics or drugs, sleeping pills"
9,Other gun
10,Other or type unknown
11,"Personal weapons, includes beating"
12,Poison - does not include gas
13,Pushed or thrown out window
14,Rifle
15,Shotgun
16,Strangulation - hanging
17,Weapon Not Reported
